{"./example/auto_company/auto_math/agents/coding_agent.py": {"global": {"functions": [{"file_name": "coding_agent.py", "name": "extract_code_blocks", "args": [["text", null]], "docstring": null}]}, "CodingAgent": {"functions": [{"file_name": "coding_agent.py", "name": "__init__", "args": [["self", null], ["llm_client", "OpenAIClient"]], "docstring": null}, {"file_name": "coding_agent.py", "name": "flowing", "args": [["self", null], ["question", "str"], ["full_solving_process", "str"]], "docstring": null}, {"file_name": "coding_agent.py", "name": "help_runcode", "args": [["self", null], ["sample", null]], "docstring": null}, {"file_name": "coding_agent.py", "name": "run_code", "args": [["self", null], ["sample", null]], "docstring": null}, {"file_name": "coding_agent.py", "name": "stdoutIO", "args": [["self", null], ["stdout", null]], "docstring": null}]}}, "./example/auto_company/auto_math/agents/plan_agent.py": {"global": {"functions": []}, "PlanAgent": {"functions": [{"file_name": "plan_agent.py", "name": "__init__", "args": [["self", null], ["llm_client", "OpenAIClient"]], "docstring": null}, {"file_name": "plan_agent.py", "name": "flowing", "args": [["self", null], ["question", "str"]], "docstring": null}]}}, "./example/auto_company/auto_math/agents/summary_agent.py": {"global": {"functions": []}, "SummaryAgent": {"functions": [{"file_name": "summary_agent.py", "name": "__init__", "args": [["self", null], ["llm_client", "OpenAIClient"]], "docstring": null}, {"file_name": "summary_agent.py", "name": "flowing", "args": [["self", null], ["question", "str"], ["full_solving_process", "str"], ["coding_answer", "str"]], "docstring": null}]}}, "./example/auto_company/auto_math/agents/solving_agent.py": {"global": {"functions": []}, "SolvingAgent": {"functions": [{"file_name": "solving_agent.py", "name": "__init__", "args": [["self", null], ["llm_client", "OpenAIClient"]], "docstring": null}, {"file_name": "solving_agent.py", "name": "flowing", "args": [["self", null], ["question", "str"], ["plan", "str"]], "docstring": null}]}}, "./example/auto_company/auto_math/auto_company/auto_math_company.py": {"global": {"functions": [{"file_name": "auto_math_company.py", "name": "main", "args": [["question", null], ["help", null]], "docstring": null}]}}, "./example/auto_company/auto_math/auto_company/math_solving.py": {"global": {"functions": [{"file_name": "math_solving.py", "name": "main", "args": [["api_key", null], ["question", null]], "docstring": null, "file_path": "./example/auto_company/auto_math/auto_company/math_solving.py"}]}}, "requirements.txt": "./example/auto_company/auto_math/requirements.txt"}